Text,Emotion,Sentiment
This new phone has exceeded my expectations. I love it!,joy,positive
"Just got my order, and it's perfect! Thank you so much!",joy,positive
I can't believe how well this turned out. I'm so happy!,joy,positive
Finally found a skincare routine that works for me. Feeling joyful!,joy,positive
The movie was so good; I can't stop smiling!,joy,positive
This product broke after just two days. Really disappointed.,sadness,negative
I feel so let down by the customer service here.,sadness,negative
Why do things like this always happen to me? Life sucks sometimes.,sadness,negative
Missed out on the concert tickets. I'm devastated.,sadness,negative
"My favorite restaurant closed down, and I'm really sad about it.",sadness,negative
How could they charge so much for something so cheap?,anger,negative
I'm furious with this company. Never buying from here again!,anger,negative
This delay is unacceptable! Really annoyed right now.,anger,negative
"My order was wrong, and customer service was useless. So angry!",anger,negative
Why are people so rude on here? It's infuriating.,anger,negative
Reading the news these days makes me anxious.,fear,negative
I'm scared my package might never arrive.,fear,negative
Is anyone else worried about the economy? It's stressful.,fear,negative
The thought of public speaking terrifies me. Any tips?,fear,negative
I‚Äôm so nervous about tomorrow's big meeting.,fear,negative
This app has everything I need. Really appreciate it!,love,positive
Such a thoughtful gift. I'm filled with love!,love,positive
My family makes me feel so loved and supported.,love,positive
This artist's music is everything to me. Much love!,love,positive
Thank you for being so understanding. Love this community!,love,positive
"Wow, I didn‚Äôt see that plot twist coming!",surprise,positive
Received an unexpected discount on my order‚Äîpleasantly surprised!,surprise,positive
They upgraded my seat at no extra cost! So happy!,surprise,positive
Found a rare item online today! Lucky surprise!,surprise,positive
"This new feature came out of nowhere, but I love it!",surprise,positive
I trust this brand; they always deliver quality.,trust,positive
You can always count on this app to keep your data safe.,trust,positive
"My family trusts this service, and so do I.",trust,positive
Highly recommend this product. Reliable and worth it.,trust,positive
This influencer's advice has never let me down.,trust,positive
Counting down the days until the launch! Can't wait!,anticipation,positive
I‚Äôm eagerly waiting for the new update to drop.,anticipation,positive
Excited to see what changes the company has planned.,anticipation,positive
Looking forward to the season finale next week!,anticipation,positive
The suspense is killing me! When will they release it?,anticipation,positive
I believe this team can turn things around!,optimism,positive
I‚Äôm hopeful that things will improve soon.,optimism,positive
This could be the best update yet. Feeling optimistic.,optimism,positive
Let‚Äôs stay positive‚Äîgood things are coming!,optimism,positive
This platform has great potential for growth.,optimism,positive
"Honestly, I don't have a strong opinion on this product.",neutral,neutral
"The update is fine, nothing too exciting or disappointing.",neutral,neutral
I don‚Äôt mind the new changes; they‚Äôre okay.,neutral,neutral
Neither here nor there about the movie. It was alright.,neutral,neutral
This comment section is pretty quiet today.,neutral,neutral
I'm confused about the new layout. Where did everything go?,confusion,negative
These instructions are unclear; I'm lost.,confusion,negative
Anyone else confused about how this feature works?,confusion,negative
I don‚Äôt understand why they made this change.,confusion,negative
I wish they provided more info‚Äîfeeling confused.,confusion,negative
Listening to this music brings me peace.,calm,positive
This app‚Äôs design is so relaxing. Love using it at night.,calm,positive
A quiet evening with my book makes me feel at ease.,calm,positive
I find this meditation app incredibly calming.,calm,positive
My morning coffee routine helps me start the day peacefully.,calm,positive
"I recently bought this laptop, and it works like a dream. Totally satisfied with my purchase!",joy,positive
The service was exceptional. The staff went above and beyond to help me!,joy,positive
I'm thrilled with how my garden turned out this summer. Can't wait to show it off!,joy,positive
"I just received a surprise gift from my friend, and it made my day! Feeling blessed.",joy,positive
The concert was unforgettable. I had the time of my life!,joy,positive
I feel so let down by the quality of this product. It broke after one use!,sadness,negative
It's hard to see my favorite show getting canceled. I'm really heartbroken over it.,sadness,negative
"My friend is moving away, and I'm feeling really sad about it. Gonna miss her.",sadness,negative
I can't believe my team lost the finals. Such a disappointing end to the season.,sadness,negative
"I tried to bake cookies, but they turned out terrible. I'm really upset.",sadness,negative
I'm furious with the way this situation was handled. So unprofessional!,anger,negative
I can't stand how rude some people are online. It makes me so angry!,anger,negative
The way they treated me was unacceptable. I'm really mad about it!,anger,negative
It's infuriating when companies don't listen to customer feedback.,anger,negative
Why do people think it's okay to spread hate online? It's beyond frustrating.,anger,negative
I was terrified during that horror movie! I didn't expect it to be that scary.,fear,negative
I'm really anxious about my upcoming job interview. I hope I don‚Äôt mess it up.,fear,negative
The news about the pandemic is making me uneasy. I hope things get better soon.,fear,negative
I always get so nervous speaking in public. It's my biggest fear.,fear,negative
"Every time I fly, I feel a little scared. Hoping for a smooth flight!",fear,negative
This sweater is so cozy and warm! I love how it feels against my skin.,love,positive
I really appreciate how supportive my friends are. They make me feel loved.,love,positive
"Just got my dog a new toy, and he‚Äôs loving it! Watching him play makes me happy.",love,positive
The kindness from strangers really restores my faith in humanity. Love it!,love,positive
I adore this caf√©! The atmosphere is so inviting and the coffee is amazing.,love,positive
I was not expecting that twist in the plot! Completely caught off guard!,surprise,positive
Wow! This new feature is incredible! I didn't see it coming at all.,surprise,positive
I'm pleasantly surprised by how well this product works. It exceeded my expectations!,surprise,positive
What a surprise to find my favorite band is releasing a new album soon!,surprise,positive
I had no idea my post would get so much attention. Surprised and grateful!,surprise,positive
I can't believe how disgusting some people can be. This behavior is sickening.,disgust,negative
The mess left at the concert was repulsive. Why can‚Äôt people clean up after themselves?,disgust,negative
Eating at that restaurant was a huge mistake. The food was just awful.,disgust,negative
This movie was so badly made that I felt physically uncomfortable watching it.,disgust,negative
I can't stand when people argue about politics online. It makes me feel ill.,disgust,negative
"I've been using this app for months, and it has never let me down. Totally reliable!",trust,positive
I trust this brand because they always prioritize quality over everything else.,trust,positive
"My friends recommended this service, and I must say, I trust their judgment.",trust,positive
I've had nothing but great experiences with this company. Trustworthy and dependable!,trust,positive
This platform has built a reputation for excellent customer support. I trust it!,trust,positive
I can't wait for the new season of my favorite show to start. The anticipation is killing me!,anticipation,positive
Counting down the days until my vacation! Excited for a break.,anticipation,positive
I‚Äôm really looking forward to trying the new restaurant that just opened up!,anticipation,positive
"Every day feels like a step closer to the concert, and I‚Äôm so eager!",anticipation,positive
The wait for this game release is unbearable. I just want to play it already!,anticipation,positive
"Despite the challenges, I believe we can overcome this together. Staying hopeful!",optimism,positive
I'm optimistic about the future of our community. Things can get better!,optimism,positive
"After reading the positive reviews, I'm hopeful this product will work for me too.",optimism,positive
Let‚Äôs focus on the silver linings. I believe brighter days are ahead!,optimism,positive
"With hard work and dedication, I truly believe we can achieve our goals.",optimism,positive
"I have no strong feelings about this new policy. It seems okay, I guess.",neutral,neutral
This movie was just alright; it didn‚Äôt leave much of an impression on me.,neutral,neutral
I don‚Äôt really care about the drama happening online; it doesn‚Äôt affect me.,neutral,neutral
I'm indifferent about the new changes; they don‚Äôt bother me either way.,neutral,neutral
The weather is just whatever today; I don‚Äôt mind it much.,neutral,neutral
I‚Äôm confused by the new features on this app. They don't seem intuitive at all.,confusion,negative
The instructions were so vague; I have no idea how to use this product.,confusion,negative
Why does it feel like things are changing too fast? I‚Äôm really confused.,confusion,negative
Can someone explain this new policy? I'm struggling to understand it.,confusion,negative
I‚Äôm feeling a bit lost with all these updates; can‚Äôt keep up!,confusion,negative
My meditation practice has brought me so much peace. I highly recommend it!,calm,positive
Taking a walk by the beach always helps me relax and find my center.,calm,positive
Listening to nature sounds while working has a calming effect on me.,calm,positive
I love unwinding with a good book and a cup of tea after a long day.,calm,positive
The serenity of the mountains is the perfect escape from city life.,calm,positive
"I just tried this new restaurant, and it was absolutely delightful! The food was divine!",joy,positive
"I'm so excited for the weekend getaway! It's been a long week, and I need a break!",joy,positive
My team won the championship! I couldn't be happier right now!,joy,positive
The surprise party my friends threw for me was the best moment of my life. I felt so loved!,joy,positive
"Just got back from vacation, and I'm filled with beautiful memories!",joy,positive
I can't believe how bad the service was at that restaurant. So disappointing!,sadness,negative
Seeing my childhood home being demolished makes me feel so nostalgic and sad.,sadness,negative
I'm really struggling with the loss of my pet. It hurts so much.,sadness,negative
The news of my favorite artist passing away has left me heartbroken.,sadness,negative
I feel sad every time I think about the friends I've lost touch with.,sadness,negative
I can't stand how some people behave online. It's infuriating!,anger,negative
Seeing the way people treat each other these days makes me so mad!,anger,negative
I was really angry when I found out my order was canceled without notice.,anger,negative
It's frustrating when companies don't listen to their customers' complaints!,anger,negative
The traffic today was unbearable. I'm so angry about it!,anger,negative
I felt so scared when I heard that loud noise outside last night. My heart was racing!,fear,negative
The thought of public speaking makes me extremely anxious. I dread it every time.,fear,negative
I'm worried about the future and what it holds for us. It's quite unsettling.,fear,negative
That horror movie had me jumping out of my seat! I was terrified!,fear,negative
I feel nervous about meeting new people at the event this weekend.,fear,negative
I'm so in love with this new book series! I can't put it down!,love,positive
Watching my daughter play made my heart swell with love. She's so talented!,love,positive
I appreciate my best friend so much. She always knows how to lift my spirits.,love,positive
This new coffee shop is wonderful! I love the ambiance and the drinks!,love,positive
The way my partner surprises me with little gifts makes me feel cherished.,love,positive
I was shocked by that plot twist! I didn‚Äôt see it coming at all!,surprise,positive
What a surprise to find out I won the contest! I'm beyond thrilled!,surprise,positive
I'm pleasantly surprised by how well this new feature works on my phone.,surprise,positive
The unexpected visit from my old friend was a delightful surprise!,surprise,positive
I'm amazed by how quickly this product arrived! Excellent service!,surprise,positive
Seeing all the negativity online makes me feel sick. Why can‚Äôt we be kinder?,disgust,negative
This meal was so poorly prepared. I can't believe I paid for it!,disgust,negative
I was disgusted by the way some people treated the staff at the event.,disgust,negative
Reading that article filled me with disgust; the misinformation is staggering.,disgust,negative
I can't handle the way some people behave at the grocery store. It's appalling!,disgust,negative
"I've been using this app for a while, and it has really earned my trust.",trust,positive
I trust this brand for all my skincare needs; their products never disappoint.,trust,positive
"My friends highly recommended this service, and I trust their opinions.",trust,positive
"This website has a solid reputation, and I feel secure shopping here.",trust,positive
I trust my team to handle this project; they always deliver great results.,trust,positive
I can't wait for the new video game to come out! The excitement is building!,anticipation,positive
I'm really looking forward to my trip next month! Counting down the days!,anticipation,positive
I‚Äôm eagerly awaiting the release of the new phone model. It looks incredible!,anticipation,positive
The thought of the upcoming concert gives me butterflies! So excited!,anticipation,positive
I can't help but feel anticipation for the holidays. It's my favorite time of the year!,anticipation,positive
"Even with the ups and downs, I remain hopeful for a better future.",optimism,positive
I'm optimistic that we'll find a solution to this issue soon.,optimism,positive
"After reading positive reviews, I'm hopeful this new product will work for me.",optimism,positive
"Despite the challenges, I believe we can achieve our goals together!",optimism,positive
I'm holding onto hope that things will improve for everyone soon.,optimism,positive
I'm indifferent about the latest fashion trends. They don't really matter to me.,neutral,neutral
The movie was average; it didn't impress me or disappoint me.,neutral,neutral
"I don‚Äôt feel strongly about the new policies. They seem reasonable, I guess.",neutral,neutral
"This product is okay, but I have no strong opinions about it either way.",neutral,neutral
The weather today is just fine; I have no complaints about it.,neutral,neutral
I'm confused about why the meeting was rescheduled. It was sudden.,confusion,negative
The instructions for setting up the device were unclear and left me puzzled.,confusion,negative
I'm struggling to understand the changes in the new software update.,confusion,negative
Can someone explain this math problem? I'm totally lost right now.,confusion,negative
I feel overwhelmed by all the new information and don‚Äôt know where to start.,confusion,negative
"I find peace in nature, and it's my go-to for relaxation.",calm,positive
Yoga has helped me find a sense of calm in my chaotic life.,calm,positive
Reading by the fireplace is my favorite way to unwind after a long day.,calm,positive
The tranquility of the ocean is something I cherish deeply.,calm,positive
Taking a moment to breathe deeply brings me back to a calm state.,calm,positive
Just had the best pizza ever! I'm totally in love with this place!,joy,positive
Can't believe I finally got to see my favorite band live! What a night!,joy,positive
"OMG, I just found the cutest dog at the shelter! I need to adopt him!",joy,positive
This new coffee shop is my happy place! Their lattes are bomb!,joy,positive
"Had a blast at the beach today! Sun, sand, and good vibes only!",joy,positive
"Feeling kinda bummed today. Just one of those days, I guess.",sadness,negative
"Ugh, I miss my old friends. Life gets busy, but I wish we could catch up.",sadness,negative
Just found out my favorite show got canceled. What a letdown!,sadness,negative
I can't believe my pet is sick. Just feeling really down about it.,sadness,negative
Just got some bad news about work. Not sure how to handle this.,sadness,negative
"Seriously, why do people drive like maniacs? It's so infuriating!",anger,negative
I can't even with the amount of negativity online lately. So frustrating!,anger,negative
Just got a flat tire on the way to work. Totally not my day!,anger,negative
Why do people have to be so rude? I just don't get it.,anger,negative
The way some folks treat customer service reps is just plain wrong.,anger,negative
That scary movie last night had me shaking! I don‚Äôt think I‚Äôll sleep well!,fear,negative
Public speaking? No thanks! Just thinking about it makes me nervous.,fear,negative
I heard a weird noise outside and now I'm kinda freaked out.,fear,negative
I hate the feeling of uncertainty about the future. It's so unsettling.,fear,negative
Just thinking about flying again gives me anxiety. Ugh!,fear,negative
My heart just melted seeing that puppy video. So cute!,love,positive
I'm obsessed with this new book! Can't put it down!,love,positive
I love how my friends always know how to cheer me up. They‚Äôre the best!,love,positive
Just wanted to shout out my amazing partner for being so supportive! Love you!,love,positive
These sunsets just make me fall in love with life all over again.,love,positive
"Whoa, that plot twist was insane! Didn‚Äôt see that coming!",surprise,positive
Just got a surprise package from my best friend! So sweet of her!,surprise,positive
I can‚Äôt believe I won that giveaway! What a nice surprise!,surprise,positive
The weather today was unexpectedly perfect! Just wow!,surprise,positive
I was shocked when my phone battery lasted all day. Miracle!,surprise,positive
I can't even with how gross that food was. Never going back!,disgust,negative
Seeing people act like that in public makes me cringe.,disgust,negative
Just watched a documentary on pollution and it was really disturbing.,disgust,negative
I can't handle how messy my kitchen is right now. Just gross!,disgust,negative
The smell of that gym is enough to make anyone gag!,disgust,negative
"I trust my gut, and it's never led me wrong. Gotta go with it!",trust,positive
This brand has always come through for me. Never disappointed!,trust,positive
I‚Äôve got faith in my friends. They always have my back!,trust,positive
"Honestly, I trust this site for online shopping. Great deals!",trust,positive
I believe in my team‚Äôs ability to crush this project! We got this!,trust,positive
So hyped for that concert next month! Counting down the days!,anticipation,positive
Can't wait for the new season of my favorite show to drop! So ready!,anticipation,positive
"The new game is releasing soon, and I‚Äôm so pumped! Let‚Äôs go!",anticipation,positive
I‚Äôm super excited for my trip! Just need the days to hurry up!,anticipation,positive
I‚Äôm looking forward to trying out that new restaurant this weekend!,anticipation,positive
I‚Äôm feeling pretty good about things lately. Let‚Äôs keep it going!,optimism,positive
Things are looking up! I‚Äôm hopeful for what‚Äôs to come.,optimism,positive
I believe we‚Äôll figure this out together. Stay positive!,optimism,positive
I‚Äôm optimistic that the new changes will be for the better!,optimism,positive
"Just trying to stay hopeful, even when times get tough. We got this!",optimism,positive
"Honestly, I don‚Äôt care about the latest trends. Just do what makes you happy.",neutral,neutral
"This product is just okay. Not bad, but not great either.",neutral,neutral
I feel indifferent about the new policy changes. They don‚Äôt affect me much.,neutral,neutral
"Just another day, nothing too exciting happening. I'm fine with that.",neutral,neutral
"The weather is just average today. Not too hot, not too cold.",neutral,neutral
What just happened? I'm so confused about everything going on right now.,confusion,negative
These instructions make zero sense. I'm totally lost!,confusion,negative
Can someone explain this meme? I feel out of the loop.,confusion,negative
"I thought I understood the assignment, but now I‚Äôm second-guessing.",confusion,negative
This whole situation is making my head spin. I need clarity!,confusion,negative
"Just finished yoga, and I feel so zen right now. What a vibe!",calm,positive
Taking a moment to breathe deeply helps me stay grounded.,calm,positive
Nothing beats a quiet evening with a good book and some tea.,calm,positive
Listening to chill music really helps me relax after a long day.,calm,positive
Spending time in nature always brings me back to a calm place.,calm,positive
Just had the best burger at that new spot! #foodie,joy,positive
"Feeling kinda off today. Just one of those days, I guess.",sadness,negative
Can you believe the traffic this morning? I‚Äôm so over it! ,anger,negative
That new horror movie scared me way more than I expected! ,fear,negative
So grateful for my friends today! You guys are the best! ,love,positive
"Whoa, did you see that game last night? What a comeback! ",surprise,positive
That restaurant was a huge letdown. Never going back!,disgust,negative
Trust your gut. It‚Äôs always been right for me.,trust,positive
Counting down the days until vacation! Can‚Äôt wait! ,anticipation,positive
Just trying to stay positive and keep moving forward. ,optimism,positive
I‚Äôm indifferent about the new phone. It‚Äôs just another model.,neutral,neutral
What a confusing episode! I need to rewatch it to understand!,confusion,negative
"After yoga, I feel so calm and ready to take on the day!",calm,positive
Just got the news: my package is finally arriving! ,joy,positive
Can‚Äôt shake this feeling of sadness today. Hoping it passes soon.,sadness,negative
"Why are people so rude? Just be nice, it's not hard!",anger,negative
"Heard a weird noise at night, and I couldn‚Äôt sleep at all. ",fear,negative
Just saw the cutest puppy video. It made my day! ,love,positive
I didn‚Äôt expect that twist at all! Mind blown! ,surprise,positive
This food truck had the worst tacos. So disappointed!,disgust,negative
I trust this brand; they‚Äôve always delivered quality products.,trust,positive
The new season of my favorite show is coming! So excited! ,anticipation,positive
Feeling optimistic about the future. Good things are coming!,optimism,positive
I don‚Äôt have strong feelings about that movie. It was okay.,neutral,neutral
I‚Äôm so confused about the ending of that book. What just happened?,confusion,negative
Nothing like a quiet evening at home to recharge. üïØ,calm,positive
I had the pleasure of attending an insightful conference today.,joy,positive
"Regrettably, I must express my disappointment in the recent product update.",sadness,negative
I find it quite frustrating that some individuals lack basic courtesy.,anger,negative
The recent data breach has raised significant concerns among users.,fear,negative
I would like to express my heartfelt appreciation for my supportive colleagues.,love,positive
The unexpected announcement regarding the merger surprised many in the industry.,surprise,positive
"I must admit, the quality of the service was not up to standard.",disgust,negative
I have complete trust in the integrity of our team‚Äôs decisions.,trust,positive
I am eagerly anticipating the launch of the new initiative next quarter.,anticipation,positive
I remain optimistic about the potential outcomes of our project.,optimism,positive
I have a neutral stance regarding the ongoing debate over this policy.,neutral,neutral
The ambiguity of the report has left many stakeholders confused.,confusion,negative
The tranquility of the park is a perfect place for reflection.,calm,positive
Today‚Äôs meeting was incredibly productive and enlightening.,joy,positive
I am feeling somewhat disheartened by the lack of communication.,sadness,negative
The recent developments in the project have been quite aggravating.,anger,negative
Concerns regarding the safety of the new product are valid.,fear,negative
I appreciate the hard work of my team in achieving our goals.,love,positive
The sudden change in leadership was indeed unexpected.,surprise,positive
I found the presentation to be quite unconvincing and unsatisfactory.,disgust,negative
I have full confidence in our organization‚Äôs commitment to excellence.,trust,positive
I am looking forward to the upcoming quarterly results with great interest.,anticipation,positive
I maintain a hopeful outlook regarding our company‚Äôs future.,optimism,positive
I have no particular opinion about the new regulations at this time.,neutral,neutral
The complexity of the subject matter left many participants perplexed.,confusion,negative
I find solace in the calm atmosphere of the library.,calm,positive
The last update ruined the app for me. It keeps crashing! ,anger,negative
I'm so bummed out that my favorite show got canceled. Why?!,sadness,negative
"This product is okay, but it didn't meet my expectations.",neutral,neutral
I can't believe how fast the shipping was! Definitely ordering again! ,joy,positive
This coffee shop has the worst service. I waited forever!,disgust,negative
I was really scared watching that new horror movie. Couldn‚Äôt sleep! ,fear,negative
Feeling grateful for my supportive friends! You guys are the best!,love,positive
I didn't see that twist coming in the book! Wow!,surprise,positive
The smell of this candle is so calming. Perfect for relaxation!,calm,positive
Just got my nails done and they look stunning! üíÖüèª,joy,positive
I‚Äôm feeling a bit overwhelmed with everything going on right now.,sadness,negative
"Seriously, why can‚Äôt people be nicer to each other? It's frustrating!",anger,negative
I just can‚Äôt get into this new trend. It‚Äôs not for me.,neutral,neutral
What‚Äôs with all the traffic today? I‚Äôm going to be late!,frustration,negative
This brand has always provided quality products. I trust them.,trust,positive
I can‚Äôt wait for my vacation next month! Need some sunshine! ,anticipation,positive
I had to reread that last chapter. I‚Äôm so confused right now!,confusion,negative
So excited to start my new job next week! Time for a fresh start!,joy,positive
I‚Äôm not sure how I feel about this new policy change. Mixed feelings.,neutral,neutral
"Tried that new restaurant, and it was just okay. Not impressed.",disgust,negative
I totally trust this online store; they‚Äôve never let me down.,trust,positive
Can‚Äôt believe how much I've learned from this course. Highly recommend!,joy,positive
I feel really let down by the quality of this product.,sadness,negative
People need to chill with the negativity online. It's exhausting!,frustration,negative
This movie was a rollercoaster of emotions. So many twists!,surprise,positive
Is anyone else feeling confused about this whole situation?,confusion,negative
My friends are the best! They always know how to make me smile. ,love,positive
Just had a great workout! I feel so energized now! ,joy,positive
Why is everyone arguing over such a small issue? It's not worth it.,anger,negative
This is such a tough decision. I‚Äôm stuck in the middle.,neutral,neutral
The customer service was unhelpful. Very disappointing.,disgust,negative
I trust this community to be supportive. We‚Äôre all in this together.,trust,positive
Can‚Äôt wait to see what the future holds! Feeling hopeful!,optimism,positive
"Just finished that book, and I still don‚Äôt get the ending! ",confusion,negative
Loved the vibe of that new caf√©! Will definitely go back! ,joy,positive
I feel so sad seeing all this negativity online. We need more positivity!,sadness,negative
Why is it so hard to find good help these days? Seriously.,anger,negative
I guess I‚Äôm neutral about the new game. It‚Äôs just okay for me.,neutral,neutral
Had a terrible experience at the store today. So frustrating!,frustration,negative
Trust your instincts. They rarely lead you astray!,trust,positive
I'm really looking forward to the weekend getaway! ,anticipation,positive
That‚Äôs such a puzzling statement. I need more context!,confusion,negative
Excited for the concert next week! It‚Äôs going to be epic! ,joy,positive
I‚Äôm feeling kinda down today. Just need some time to myself.,sadness,negative
It‚Äôs annoying when people are rude for no reason. Just be nice!,anger,negative
I don‚Äôt have any strong opinions about this topic. Just observing.,neutral,neutral
I didn‚Äôt like the taste of that dish at all. So disappointed.,disgust,negative
I have always found this brand to be reliable and trustworthy.,trust,positive
Feeling grateful for small things today. They really matter! ,joy,positive
I can't help but feel sad when I see others suffering.,sadness,negative
"Seriously, people need to be more respectful online.",anger,negative
I‚Äôm indifferent about the new changes. Not a big deal for me.,neutral,neutral
I just don‚Äôt understand the hype around this movie. It was average.,disgust,negative
I have faith in our ability to overcome these challenges together.,trust,positive
Looking forward to catching up with old friends this weekend!,anticipation,positive
That joke totally flew over my head! I‚Äôm so confused right now.,confusion,negative
I can‚Äôt believe how much I‚Äôve grown this year. Feeling proud! ,joy,positive
It‚Äôs tough seeing my friends struggle. Wish I could help more.,sadness,negative
I‚Äôm really upset about how things turned out. It‚Äôs just unfair.,anger,negative
I don‚Äôt feel strongly either way about this issue. Just here.,neutral,neutral
The quality of this product is lacking. I expected better.,disgust,negative
I trust my team to deliver results. We‚Äôve worked hard for this!,trust,positive
Excited to try out the new features in the app! ,joy,positive
I wish people would think before they post online. Just saying.,sadness,negative
So annoyed by the constant bickering in the comments. Let‚Äôs be civil!,anger,negative
I‚Äôm feeling neutral about the new policy changes at work.,neutral,neutral
This dish was way too salty for my taste. Not going back.,disgust,negative
I believe in the power of community support. Together we can!,trust,positive
Can‚Äôt wait to hear the new album from my favorite band!,anticipation,positive
I really don‚Äôt understand the logic behind that decision.,confusion,negative
Feeling blessed to have such amazing people in my life! ,joy,positive
"Hey, did you see that meme I sent? I can‚Äôt stop laughing!",joy,positive
"Ugh, I‚Äôm so tired today. Didn‚Äôt sleep well last night.",sadness,negative
I‚Äôm seriously craving pizza right now. Let‚Äôs order some!,anticipation,positive
That new show is a total snooze fest. Why is it so boring?,disgust,negative
I miss our coffee dates! We need to catch up soon!,love,positive
Why does every Monday feel like a struggle? Help!,frustration,negative
Just finished my workout and feel like a champ!,joy,positive
Can you believe I forgot my wallet at home? So embarrassing!,sadness,negative
I‚Äôm lowkey obsessed with that new song! Can‚Äôt stop playing it!,joy,positive
Why is it so hard to find matching socks? I swear they disappear!,frustration,negative
Your birthday party was epic! Thanks for the fun times!,joy,positive
Feeling kinda lazy today. Just want to binge-watch shows.,neutral,neutral
I can‚Äôt believe you tried pineapple on pizza. You‚Äôre wild!,surprise,positive
Let‚Äôs plan a road trip soon! I need some adventure in my life!,anticipation,positive
You won‚Äôt believe what happened at work today. It was a mess!,anger,negative
This book is so good! I can‚Äôt wait to hear what you think of it!,joy,positive
I‚Äôm feeling really down about the breakup. Just need time.,sadness,negative
Why is adulting so hard? I just want to eat snacks and nap!,frustration,negative
Your style is always on point! Teach me your ways!,joy,positive
Why does this assignment feel like it‚Äôs never-ending? Ugh!,frustration,negative
So glad we met in college! You‚Äôre the best friend ever!,love,positive
Can we talk about how delicious that cake was? I need the recipe!,joy,positive
I‚Äôm super stressed about finals. Let‚Äôs study together!,sadness,negative
Just saw your latest post‚Äîhilarious as always! Keep it up!,joy,positive
I can‚Äôt deal with my family sometimes. They drive me crazy!,anger,negative
Let‚Äôs grab dinner this week. I need to catch up on your life!,anticipation,positive
You‚Äôre always so supportive. It means a lot to me!,love,positive
What a beautiful day! Let‚Äôs go for a walk in the park!,joy,positive
I hate when my phone dies at the worst times!,frustration,negative
I‚Äôm so excited for the concert this weekend! It‚Äôs going to be lit!,joy,positive
This weather is so gloomy. Makes me want to stay in bed all day.,sadness,negative
Just watched that new movie you recommended. It was awesome!,joy,positive
Why is my internet so slow? I can‚Äôt watch anything right now!,frustration,negative
We need to plan a game night soon! It‚Äôs been too long!,anticipation,positive
Your posts always brighten my day! Keep spreading positivity!,love,positive
Feeling overwhelmed with everything going on. Just need a breather.,sadness,negative
You really nailed that presentation! Proud of you!,joy,positive
This weather is making me so sleepy. Can I just hibernate?,sadness,negative
Can you believe how quickly this semester is flying by? Wow!,surprise,positive
You always manage to find the funniest memes! Keep them coming!,joy,positive
Why do I always forget the simplest things? So frustrating!,frustration,negative
I can‚Äôt wait to hang out this weekend! Need my friend time!,anticipation,positive
My phone is acting up again. It‚Äôs so annoying!,anger,negative
Just finished a tough workout! Feeling great about it!,joy,positive
I miss our late-night talks! We need to catch up soon!,love,positive
Just found out my favorite band is touring again! So excited!,anticipation,positive
Can‚Äôt believe I lost my wallet at the mall. What a disaster!,frustration,negative
I love how you always know what to say. You‚Äôre the best!,love,positive
This new caf√© has the best pastries! Let‚Äôs go check it out!,joy,positive
Why do I always forget my homework? It‚Äôs the worst!,frustration,negative
Just got my haircut and I feel like a new person!,joy,positive
I‚Äôm having a rough week. Just trying to hang in there.,sadness,negative
You‚Äôre such a great listener. I appreciate you so much!,love,positive
Why does my dog always steal my snacks? It‚Äôs a struggle!,frustration,negative
I‚Äôm really enjoying this new series. Can‚Äôt wait to binge-watch more!,joy,positive
I can‚Äôt get over how cute that puppy is! I need one!,joy,positive
Just found out my favorite band is touring again! So excited!,anticipation,positive
Why do people feel the need to be so rude online? It‚Äôs exhausting.,anger,negative
I‚Äôm really looking forward to our camping trip next month!,anticipation,positive
I can‚Äôt believe how much I‚Äôve grown this year. Feeling proud!,joy,positive
This weather is so nice! Perfect for a picnic!,joy,positive
Why does everyone act like they know everything? It‚Äôs frustrating.,anger,negative
Just started a new book and it‚Äôs so good! Can‚Äôt put it down!,joy,positive
We need to have a Netflix marathon soon! I miss those days!,anticipation,positive
I can‚Äôt believe how fast time flies. We need to catch up!,love,positive
Feeling a bit lost lately. Just trying to figure things out.,sadness,negative
You always know how to make me smile. Thank you for being you!,love,positive
I can't believe how fast time flies. We need to catch up!,love,positive
I feel so frustrated with the way things turned out!,anger,negative
"I can't wait for our trip next month, it's going to be epic!",anticipation,positive
Seeing that made my stomach turn; I can't handle it!,disgust,negative
Today was just a typical Wednesday for me.,neutral,neutral
You always know how to make me laugh! I love that about you.,love,positive
I'm so angry that my favorite show got canceled!,anger,negative
The new restaurant opening next week has me so excited!,anticipation,positive
I just don't get why people think that's okay; it's disgusting.,disgust,negative
Nothing special happened today; just another day.,neutral,neutral
I really appreciate your support; it means a lot to me!,love,positive
It's infuriating when people don‚Äôt respect personal space!,anger,negative
I can‚Äôt wait for the new season of that show to drop!,anticipation,positive
That post was so cringe-worthy; I can't believe they shared it!,disgust,negative
I'm just chilling at home today; nothing much going on.,neutral,neutral
You always know how to lift my spirits; I appreciate you!,love,positive
I'm so mad that they messed up my order again!,anger,negative
I'm really looking forward to the concert next weekend!,anticipation,positive
That video was just too much for me; I couldn't watch it.,disgust,negative
Just a normal day; nothing out of the ordinary happened.,neutral,neutral
You inspire me every day; I just wanted you to know!,love,positive
Why do people have to be so rude? It's really frustrating.,anger,negative
I'm so excited for the upcoming holidays; they can't come soon enough!,anticipation,positive
I was really grossed out by what I saw in that documentary.,disgust,negative
Today was pretty average; nothing exciting to report.,neutral,neutral
I love our late-night chats; they always make my day better.,love,positive
I can't believe how inconsiderate some people can be!,anger,negative
Counting down the days until I get to see you again!,anticipation,positive
I can't stand how people can be so insensitive!,disgust,negative
I just want to relax today and do nothing special.,neutral,neutral
Thanks for being there for me; I really love and appreciate you.,love,positive
It's so annoying when plans change at the last minute!,anger,negative
I can't wait to try that new coffee shop next week!,anticipation,positive
Why do people share such offensive things? It's so off-putting.,disgust,negative
Nothing much to report today; just another workday.,neutral,neutral
You have such a kind heart; I really admire that about you!,love,positive
I'm really mad at myself for missing that deadline.,anger,negative
I‚Äôm so looking forward to the surprise party we‚Äôre planning!,anticipation,positive
That smell was just too much for me; I couldn't handle it.,disgust,negative
Just trying to get through the day; nothing too exciting.,neutral,neutral
I love how we can share everything with each other!,love,positive
I can't stand how people cut in line; it's so disrespectful!,anger,negative
The new movie coming out looks amazing; I can‚Äôt wait!,anticipation,positive
Some of the comments on that post were really gross.,disgust,negative
Today was just another day at the office; nothing special.,neutral,neutral
You're the best friend anyone could ask for; love you tons!,love,positive
It's so frustrating when technology doesn't work properly!,anger,negative
I can't wait to see all of you at the reunion!,anticipation,positive
I was really put off by that incident at the restaurant.,disgust,negative
Nothing happened today; just the usual routine.,neutral,neutral
You make every moment brighter; I really appreciate you!,love,positive
I'm so angry that I lost my wallet again!,anger,negative
Looking forward to the weekend; it feels like forever away!,anticipation,positive
I can‚Äôt believe how rude some people can be online.,disgust,negative
Just finished my work for the day; now I can relax.,neutral,neutral
Your friendship means everything to me; I love you for it.,love,positive
Why does my boss always have to be so difficult? It's frustrating.,anger,negative
I'm counting down the days until my vacation starts!,anticipation,positive
That food was not what I expected; it was pretty gross.,disgust,negative
I had a very average day today; nothing to report.,neutral,neutral
I can't believe how long the line is at the coffee shop! It's so frustrating!,frustration,negative
I'm so tired of my phone crashing all the time; it's infuriating!,frustration,negative
Why can't my printer just work when I need it to? It's so frustrating!,frustration,negative
"I tried to cook dinner, and everything went wrong. So frustrating!",frustration,negative
I can‚Äôt stand it when my internet connection drops out during a game!,frustration,negative
It's so annoying when people talk over each other in meetings!,frustration,negative
"I'm frustrated that my favorite band is coming to town, and I can't go!",frustration,negative
Trying to find a parking spot is always such a hassle; it's frustrating!,frustration,negative
It's frustrating that my plans keep getting canceled last minute!,frustration,negative
"I can't get the new software to work, and it's driving me nuts!",frustration,negative
The traffic today is unbearable; I'm so frustrated with this commute!,frustration,negative
"I just want to enjoy a movie, but the kids won't stop talking; it's frustrating!",frustration,negative
"My friends keep forgetting to RSVP, and it's frustrating me!",frustration,negative
"I was really looking forward to that event, and it got canceled; so frustrating!",frustration,negative
I can't deal with how messy my house is right now; it's really frustrating.,frustration,negative
I hate it when my phone doesn't recognize my face; it's so frustrating!,frustration,negative
I'm frustrated that my favorite store ran out of my size again!,frustration,negative
Why does my favorite recipe never turn out right? It's frustrating!,frustration,negative
"It's frustrating when everyone else seems to get it right, and I don't!",frustration,negative
I just want to enjoy my day off without interruptions; it's frustrating!,frustration,negative
"When my favorite show ends on a cliffhanger, it's just so frustrating!",frustration,negative
I was really surprised to see my old friend at the concert yesterday!,surprise,positive
"Wow, I didn't expect that gift! You totally surprised me!",surprise,positive
I just found out that my favorite restaurant is opening a new location; what a surprise!,surprise,positive
I can't believe how much my little brother has grown; I'm so surprised!,surprise,positive
It's surprising how quickly the weather changed; I wasn't ready for rain!,surprise,neutral
I never thought I would win that contest; what a surprise!,surprise,positive
I'm surprised you remembered my favorite coffee order!,surprise,positive
I just heard that my favorite band is reuniting; what a surprise!,surprise,positive
I was surprised by how well my team performed in the game today!,surprise,positive
You surprised me with that dessert; it's my favorite!,surprise,positive
It's so surprising to see how much my city has changed over the years.,surprise,neutral
I didn't expect to see such a great turnout at the event; it was a surprise!,surprise,positive
I was shocked to find out my childhood friend is now a celebrity!,surprise,positive
That new movie had so many twists; I was surprised by the ending!,surprise,positive
I was really surprised when my boss complimented my work today.,surprise,positive
The plot twist in that book caught me completely by surprise!,surprise,positive
I was surprised to hear that my favorite athlete retired; didn't see that coming!,surprise,neutral
It was a pleasant surprise to run into my neighbor after all this time!,surprise,positive
I never expected to receive a promotion this soon; what a surprise!,surprise,positive
I'm surprised at how well the new coffee shop is doing!,surprise,positive
Finding that old photo album was such a surprise; it brought back so many memories!,surprise,positive
I'm really scared about how much is happening in the world right now.,fear,negative
That horror movie gave me chills; I can't sleep now!,fear,negative
I fear that I might fail my exam if I don't study harder.,fear,negative
It's frightening to think about what could happen if I don't take care of my health.,fear,negative
I always fear the worst when it comes to big events.,fear,negative
I'm scared that I might lose my job due to the company downsizing.,fear,negative
Hearing that strange noise outside really freaked me out!,fear,negative
I'm afraid to try new things; what if I don't like them?,fear,negative
I fear for my friends' safety when they're out late at night.,fear,negative
I get scared whenever I have to speak in public; it's nerve-wracking!,fear,negative
That creepy video gave me nightmares; I'm so scared now!,fear,negative
I'm really fearful about the future; things seem uncertain.,fear,negative
I can't help but feel scared when I watch the news lately.,fear,negative
I dread going to the dentist; I'm always scared of what they'll find.,fear,negative
I'm afraid that my health issues might be more serious than I thought.,fear,negative
I get so scared when I hear loud thunder during a storm!,fear,negative
I fear the outcome of this project; what if it doesn't go well?,fear,negative
I'm terrified of flying; it always makes me anxious!,fear,negative
I fear that I'll never be able to find a good job after graduation.,fear,negative
I can't shake off this fear of missing out on all the fun!,fear,negative
That haunted house was way too scary for me to handle!,fear,negative
I believe things will get better; we just have to hang in there!,optimism,positive
I'm feeling really hopeful about my upcoming project; I think it will succeed!,optimism,positive
"Even though times are tough, I'm optimistic that we'll get through this together.",optimism,positive
I have a good feeling about this weekend; it should be fun!,optimism,positive
"With hard work, I know I can achieve my goals; I‚Äôm optimistic about my future!",optimism,positive
I‚Äôm optimistic that this new initiative will bring positive changes.,optimism,positive
"Despite the challenges, I remain hopeful about the outcome of the negotiations.",optimism,positive
I believe in the power of teamwork; we can accomplish great things!,optimism,positive
I think things will turn around soon; just have to stay positive!,optimism,positive
I'm feeling optimistic about the new opportunities coming my way!,optimism,positive
There‚Äôs a light at the end of the tunnel; I‚Äôm sure things will improve!,optimism,positive
I trust that everything happens for a reason; it gives me hope!,optimism,positive
I feel optimistic about the community coming together for this cause.,optimism,positive
I believe in a brighter future; we just have to keep pushing forward!,optimism,positive
I'm hopeful that the changes will lead to a better environment for everyone.,optimism,positive
I see great potential in this project; I‚Äôm optimistic about its success!,optimism,positive
"Even when things are rough, I choose to focus on the positives!",optimism,positive
I‚Äôm optimistic that my favorite show will get renewed for another season!,optimism,positive
I think there's still so much good in the world; we just have to look for it.,optimism,positive
I believe in second chances; I‚Äôm optimistic that people can change.,optimism,positive
I have faith that our hard work will pay off soon; I‚Äôm feeling good about it!,optimism,positive
I love those peaceful mornings when I can enjoy my coffee in silence.,calm,positive
Taking deep breaths really helps me feel calm during stressful times.,calm,positive
The serene view from my window helps me feel calm and collected.,calm,positive
Listening to calming music always lifts my spirits.,calm,positive
I feel calm when I‚Äôm surrounded by nature; it's so refreshing.,calm,positive
Meditation has really helped me find my inner calm.,calm,positive
I find a sense of calm in the routine of my day-to-day life.,calm,positive
Taking a long walk helps me clear my mind and feel calm.,calm,positive
I feel calm knowing that I did my best today.,calm,positive
Watching the sunset always brings me a sense of calm and peace.,calm,positive
I like to spend quiet evenings at home; it keeps me calm.,calm,positive
A warm bath is my go-to for finding calm after a long day.,calm,positive
Reading a good book helps me escape and feel calm.,calm,positive
I find calm in my hobbies; they help me unwind.,calm,positive
The gentle sound of rain always puts me in a calm mood.,calm,positive
Sipping tea in the afternoon brings me a sense of calm.,calm,positive
I feel calm when I practice yoga; it really centers me.,calm,positive
Spending time with pets can be so calming; they bring joy!,calm,positive
I'm finding calm in small moments of gratitude throughout the day.,calm,positive
I feel calm when I focus on the present and let go of worries.,calm,positive
I enjoy the calmness of a quiet library; it‚Äôs my favorite place to think.,calm,positive
I feel so frustrated when things don‚Äôt go as planned; it‚Äôs hard to stay positive.,frustration,negative
"It‚Äôs incredibly frustrating when I try to communicate, but no one seems to listen.",frustration,negative
I get frustrated by technology; it never seems to work when I need it!,frustration,negative
"My frustration levels rise when deadlines are tight, and I feel overwhelmed.",frustration,negative
I find it frustrating when people make promises they can‚Äôt keep.,frustration,negative
I find it frustrating when I have to repeat myself multiple times.,frustration,negative
The constant changes at work can be so frustrating; I crave stability.,frustration,negative
I feel frustrated when I can‚Äôt seem to find a solution to a problem.,frustration,negative
I get frustrated by how long it takes to see results from my efforts.,frustration,negative
It's so frustrating when I try to explain something and it just doesn't click.,frustration,negative
I often feel frustrated by the lack of communication in my team.,frustration,negative
It‚Äôs frustrating when plans change at the last minute without notice.,frustration,negative
I really trust my friends to be there for me when I need them.,trust,positive
"Building trust takes time, but it's worth the effort.",trust,positive
"I trust my team to deliver quality work, and they always do.",trust,positive
It feels great to have someone in my life that I can trust completely.,trust,positive
Trust is so important in any relationship; it takes years to build.,trust,positive
I trust my instincts when making decisions; they rarely lead me astray.,trust,positive
I trust the process; everything will fall into place eventually.,trust,positive
Having trust in my partner makes our relationship stronger.,trust,positive
I trust the recommendations of my friends when trying new things.,trust,positive
It‚Äôs important to trust yourself; you know what‚Äôs best for you.,trust,positive
I trust that things will work out in the end; I just have to be patient.,trust,positive
My coach has earned my trust through his consistent support.,trust,positive
I trust my gut feeling more than anyone else's opinion.,trust,positive
It‚Äôs confusing when deadlines keep changing; I can‚Äôt keep track!,confusion,neutral
I‚Äôm so confused by the plot twists in this movie; I need a recap.,confusion,neutral
"Every time I think I understand it, I find out I'm completely confused again.",confusion,neutral
I feel confused about what the teacher is explaining in class.,confusion,neutral
This whole situation is just too confusing for me to handle right now.,confusion,neutral
I get confused when I try to follow the instructions without a clear example.,confusion,neutral
I‚Äôm really confused about how to get to the event; the map doesn‚Äôt help.,confusion,neutral
My head is spinning from all the conflicting information; it‚Äôs confusing.,confusion,neutral
Why do people make things so complicated? It‚Äôs really confusing.,confusion,neutral
I feel confused when I see different opinions on the same topic.,confusion,neutral
I'm not sure how I feel about this new change at work; I guess I'll have to see.,neutral,neutral
This weather is quite unpredictable; it keeps changing from sunny to cloudy.,neutral,neutral
I‚Äôve heard mixed reviews about this movie; I‚Äôll have to watch it myself.,neutral,neutral
The instructions for this project are somewhat unclear; I need more guidance.,neutral,neutral
I'm waiting to see how this situation develops before forming an opinion.,neutral,neutral
It seems like everyone has their own take on this topic; it‚Äôs hard to pick a side.,neutral,neutral
"I find the current trends in technology interesting, but I'm still learning about them.",neutral,neutral
There‚Äôs a lot of information out there about this product; I need to sift through it all.,neutral,neutral
"I think there are pros and cons to both arguments, so I'm keeping an open mind.",neutral,neutral
"The meeting was informative, but I still have some questions.",neutral,neutral
I see both sides of the debate; it's not as simple as it seems.,neutral,neutral
I‚Äôm curious to see how this new policy will affect our team in the long run.,neutral,neutral
"The event was nice, but I didn‚Äôt feel strongly one way or another about it.",neutral,neutral
It‚Äôs interesting to hear everyone's perspectives on this issue; there's so much to consider.,neutral,neutral
"I think this app has potential, but it still needs some improvements.",neutral,neutral
I‚Äôm indifferent to the latest fashion trends; I prefer to wear what I like.,neutral,neutral
"The report was thorough, but I still need to digest all the information.",neutral,neutral
This is a complex topic; I need more time to think it over.,neutral,neutral
I feel neutral about this product; it has good features but also some drawbacks.,neutral,neutral
I can see both the benefits and drawbacks of this approach; it‚Äôs a tough call.,neutral,neutral
"I‚Äôm interested to learn more, but I‚Äôm still gathering my thoughts.",neutral,neutral
"The analysis is thorough, yet I still feel there are unanswered questions.",neutral,neutral
I‚Äôm keeping an eye on the developments; it‚Äôs a fascinating topic.,neutral,neutral
I don‚Äôt have any strong feelings right now; I‚Äôm just taking it all in.,neutral,neutral
"The dynamics are shifting, and I‚Äôm curious to see how that will play out.",neutral,neutral
"It‚Äôs great to see so many opinions, even if I‚Äôm not sure where I fit in.",neutral,neutral
"I‚Äôm open to the ideas being presented, but I‚Äôm not sold on any yet.",neutral,neutral
"The variety of opinions is refreshing, and I‚Äôm interested to see how this evolves.",neutral,neutral
I really didn‚Äôt enjoy the experience at this restaurant; the service was slow.,disgust,negative
This product broke after just a week of use; very disappointing!,frustration,negative
I was expecting more from this movie; it felt too long and boring.,disgust,negative
I can't believe how unhelpful the customer service was during my last call.,frustration,negative
This app keeps crashing; it's so frustrating to deal with!,frustration,negative
The quality of this product is not what I expected; I'm really let down.,disgust,negative
I felt that the presentation was poorly organized and hard to follow.,frustration,negative
I'm really unhappy with my purchase; it doesn't work as advertised.,disgust,negative
I wish I hadn't wasted my time watching that movie; it was terrible.,disgust,negative
The wait for my food was way too long; I was really frustrated.,frustration,negative
I didn't find this book engaging at all; it was a struggle to get through.,frustration,negative
This product is overpriced for the quality it offers; I regret buying it.,disgust,negative
"I was really looking forward to this event, but it turned out to be a disappointment.",frustration,negative
"The traffic was horrendous, and it made me late to my appointment; so frustrating!",frustration,negative
"I expected more from this brand, but the latest product really missed the mark.",disgust,negative
I didn‚Äôt enjoy the concert at all; the sound quality was bad.,disgust,negative
"The delivery took forever, and my order was wrong; I'm really upset.",frustration,negative
I felt like the team didn't listen to my ideas during the meeting; it was frustrating.,frustration,negative
"This restaurant used to be good, but the food quality has seriously declined.",disgust,negative
The movie was filled with clich√©s; it felt like a waste of time.,disgust,negative
The software is glitchy and difficult to navigate; it's really not user-friendly.,frustration,negative
I found the service at the hotel to be lacking; it didn't meet my expectations.,disgust,negative
I really didn't like the ending of that book; it left me feeling unsatisfied.,frustration,negative
The product didn‚Äôt meet my expectations at all; I won‚Äôt be buying it again.,disgust,negative
I had a bad experience with the support team; they were unresponsive.,frustration,negative
The food was bland and lacked flavor; I won‚Äôt be coming back.,disgust,negative
I really didn't like the vibe at that event; it felt unwelcoming.,disgust,negative
"The instructions were confusing, and I ended up assembling it incorrectly.",frustration,negative
"I was really hoping for a better outcome, but it just didn't work out.",frustration,negative
"The last update made the app worse, not better; I'm really frustrated.",frustration,negative
I didn't enjoy my stay at the hotel; the room was dirty when I arrived.,disgust,negative
"I was excited to try this new restaurant, but the food was disappointing.",disgust,negative
I found the product to be ineffective; it didn‚Äôt do what it promised.,disgust,negative
The show was boring and dragged on; I was ready to leave halfway through.,disgust,negative
I felt ignored during the meeting; it was really frustrating.,frustration,negative
I can't believe how bad the service was; it ruined the whole experience for me.,disgust,negative
The content of the presentation was unoriginal and uninspiring.,disgust,negative
I don‚Äôt think I‚Äôll be using this service again; it just didn‚Äôt meet my needs.,disgust,negative
I regret spending money on this product; it didn't live up to the hype.,disgust,negative
"The event was poorly organized, and I left feeling frustrated.",frustration,negative
I expected better quality from this brand; I‚Äôm really let down.,disgust,negative
The reviews were misleading; I found the product to be subpar.,disgust,negative
I felt like I wasted my time on that movie; it just didn't engage me.,frustration,negative
The customer service was rude and unhelpful; I was really disappointed.,disgust,negative
I found it hard to connect with the characters in the book; it was frustrating.,frustration,negative
I didn't enjoy the performance; it felt disjointed and unprofessional.,disgust,negative
I was really let down by how unresponsive the team was during the project.,frustration,negative
I can't believe how messy my food was when it arrived; it was disappointing.,disgust,negative
The service was lacking; I felt like I was an afterthought.,frustration,negative
I didn't feel the chemistry between the actors; the movie fell flat for me.,disgust,negative
